Date,Close,Open
2020-01-02 00:00:00+00:00,94.90049743652344,93.75
2020-01-03 00:00:00+00:00,93.74849700927734,93.2249984741211
2020-01-06 00:00:00+00:00,95.14399719238281,93.0
2020-01-07 00:00:00+00:00,95.34300231933594,95.2249984741211
2020-01-08 00:00:00+00:00,94.59850311279297,94.9020004272461
2020-01-09 00:00:00+00:00,95.05249786376953,95.49449920654297
2020-01-10 00:00:00+00:00,94.15799713134766,95.26850128173828
2020-01-13 00:00:00+00:00,94.56500244140625,94.56549835205078
2020-01-14 00:00:00+00:00,93.47200012207031,94.29399871826172
2020-01-15 00:00:00+00:00,93.10099792480469,93.61250305175781
2020-01-16 00:00:00+00:00,93.89700317382812,94.14949798583984
2020-01-17 00:00:00+00:00,93.23600006103516,94.29450225830078
2020-01-21 00:00:00+00:00,94.5999984741211,93.25
2020-01-22 00:00:00+00:00,94.37300109863281,94.80449676513672
2020-01-23 00:00:00+00:00,94.22899627685547,94.25550079345703
2020-01-24 00:00:00+00:00,93.08200073242188,94.56849670410156
2020-01-27 00:00:00+00:00,91.41699981689453,91.0
2020-01-28 00:00:00+00:00,92.6624984741211,92.0250015258789
2020-01-29 00:00:00+00:00,92.9000015258789,93.19999694824219
2020-01-30 00:00:00+00:00,93.53399658203125,92.9000015258789
2020-01-31 00:00:00+00:00,100.43599700927734,102.57350158691406
2020-02-03 00:00:00+00:00,100.20999908447266,100.52999877929688
2020-02-04 00:00:00+00:00,102.4834976196289,101.49400329589844
2020-02-05 00:00:00+00:00,101.99349975585938,103.5510025024414
2020-02-06 00:00:00+00:00,102.5114974975586,102.0510025024414
2020-02-07 00:00:00+00:00,103.96399688720703,102.09950256347656
2020-02-10 00:00:00+00:00,106.69550323486328,104.25050354003906
2020-02-11 00:00:00+00:00,107.54000091552734,107.54499816894531
2020-02-12 00:00:00+00:00,108.0,108.16000366210938
2020-02-13 00:00:00+00:00,107.49349975585938,107.24949645996094
2020-02-14 00:00:00+00:00,106.74349975585938,107.78399658203125
2020-02-18 00:00:00+00:00,107.78350067138672,106.2509994506836
2020-02-19 00:00:00+00:00,108.51100158691406,108.38999938964844
2020-02-20 00:00:00+00:00,107.65499877929688,108.65350341796875
2020-02-21 00:00:00+00:00,104.79850006103516,107.10749816894531
2020-02-24 00:00:00+00:00,100.4645004272461,100.15899658203125
2020-02-25 00:00:00+00:00,98.63700103759766,101.32099914550781
2020-02-26 00:00:00+00:00,98.97949981689453,98.51399993896484
2020-02-27 00:00:00+00:00,94.21499633789062,96.71900177001953
2020-02-28 00:00:00+00:00,94.1875,90.73149871826172
2020-03-02 00:00:00+00:00,97.69750213623047,95.32450103759766
2020-03-03 00:00:00+00:00,95.44950103759766,98.76850128173828
2020-03-04 00:00:00+00:00,98.79149627685547,97.32849884033203
2020-03-05 00:00:00+00:00,96.20149993896484,96.6500015258789
2020-03-06 00:00:00+00:00,95.05449676513672,93.75
2020-03-09 00:00:00+00:00,90.03050231933594,88.69300079345703
2020-03-10 00:00:00+00:00,94.59100341796875,93.54399871826172
2020-03-11 00:00:00+00:00,91.04299926757812,92.89250183105469
2020-03-12 00:00:00+00:00,83.83049774169922,86.0989990234375
2020-03-13 00:00:00+00:00,89.25,87.75
2020-03-16 00:00:00+00:00,84.4574966430664,82.07550048828125
2020-03-17 00:00:00+00:00,90.39199829101562,88.77349853515625
2020-03-18 00:00:00+00:00,91.5,87.5
2020-03-19 00:00:00+00:00,94.04650115966797,93.0
2020-03-20 00:00:00+00:00,92.30449676513672,96.31549835205078
2020-03-23 00:00:00+00:00,95.1415023803711,91.38749694824219
2020-03-24 00:00:00+00:00,97.00499725341797,97.57499694824219
2020-03-25 00:00:00+00:00,94.29199981689453,96.03450012207031
2020-03-26 00:00:00+00:00,97.77449798583984,95.0999984741211
2020-03-27 00:00:00+00:00,95.00499725341797,96.54299926757812
2020-03-30 00:00:00+00:00,98.19750213623047,96.1415023803711
2020-03-31 00:00:00+00:00,97.48600006103516,98.21749877929688
2020-04-01 00:00:00+00:00,95.38500213623047,96.64849853515625
2020-04-02 00:00:00+00:00,95.94149780273438,95.08200073242188
2020-04-03 00:00:00+00:00,95.32949829101562,95.55750274658203
2020-04-06 00:00:00+00:00,99.87950134277344,96.80000305175781
2020-04-07 00:00:00+00:00,100.58000183105469,100.85549926757812
2020-04-08 00:00:00+00:00,102.1500015258789,101.05000305175781
2020-04-09 00:00:00+00:00,102.13800048828125,102.21499633789062
2020-04-13 00:00:00+00:00,108.44349670410156,102.0
2020-04-14 00:00:00+00:00,114.16600036621094,110.02349853515625
2020-04-15 00:00:00+00:00,115.38400268554688,112.88400268554688
2020-04-16 00:00:00+00:00,120.40950012207031,117.30000305175781
2020-04-17 00:00:00+00:00,118.75,118.61650085449219
2020-04-20 00:00:00+00:00,119.68049621582031,119.49749755859375
2020-04-21 00:00:00+00:00,116.40599822998047,120.83049774169922
2020-04-22 00:00:00+00:00,118.17449951171875,118.44999694824219
2020-04-23 00:00:00+00:00,119.97250366210938,119.9990005493164
2020-04-24 00:00:00+00:00,120.51100158691406,120.8499984741211
2020-04-27 00:00:00+00:00,118.80000305175781,122.16000366210938
2020-04-28 00:00:00+00:00,115.7040023803711,118.6050033569336
2020-04-29 00:00:00+00:00,118.635498046875,116.50050354003906
2020-04-30 00:00:00+00:00,123.69999694824219,120.99199676513672
2020-05-01 00:00:00+00:00,114.302001953125,116.83999633789062
2020-05-04 00:00:00+00:00,115.79949951171875,112.81900024414062
2020-05-05 00:00:00+00:00,115.88999938964844,117.0
2020-05-06 00:00:00+00:00,117.56300354003906,116.47200012207031
2020-05-07 00:00:00+00:00,118.38050079345703,118.73899841308594
2020-05-08 00:00:00+00:00,118.98049926757812,118.60700225830078
2020-05-11 00:00:00+00:00,120.44999694824219,118.73500061035156
2020-05-12 00:00:00+00:00,117.84750366210938,120.59249877929688
2020-05-13 00:00:00+00:00,118.39600372314453,118.33999633789062
2020-05-14 00:00:00+00:00,119.44249725341797,118.05049896240234
2020-05-15 00:00:00+00:00,120.48899841308594,118.4260025024414
2020-05-18 00:00:00+00:00,121.31300354003906,120.21749877929688
2020-05-19 00:00:00+00:00,122.46649932861328,121.49150085449219
2020-05-20 00:00:00+00:00,124.89700317382812,123.89350128173828
2020-05-21 00:00:00+00:00,122.33699798583984,125.0
2020-05-22 00:00:00+00:00,121.84400177001953,122.75050354003906
2020-05-26 00:00:00+00:00,121.09300231933594,122.9000015258789
2020-05-27 00:00:00+00:00,120.51950073242188,120.24949645996094
2020-05-28 00:00:00+00:00,120.05500030517578,119.21649932861328
2020-05-29 00:00:00+00:00,122.11849975585938,120.7969970703125
2020-06-01 00:00:00+00:00,123.552001953125,122.4000015258789
2020-06-02 00:00:00+00:00,123.62049865722656,123.3499984741211
2020-06-03 00:00:00+00:00,123.91999816894531,123.40049743652344
2020-06-04 00:00:00+00:00,123.02999877929688,123.87149810791016
2020-06-05 00:00:00+00:00,124.1500015258789,122.22550201416016
2020-06-08 00:00:00+00:00,126.2030029296875,125.01000213623047
2020-06-09 00:00:00+00:00,130.04299926757812,126.47200012207031
2020-06-10 00:00:00+00:00,132.37249755859375,132.25
2020-06-11 00:00:00+00:00,127.89800262451172,130.1750030517578
2020-06-12 00:00:00+00:00,127.2509994506836,130.0605010986328
2020-06-15 00:00:00+00:00,128.63400268554688,126.33000183105469
2020-06-16 00:00:00+00:00,130.7635040283203,131.0
2020-06-17 00:00:00+00:00,132.0489959716797,132.375
2020-06-18 00:00:00+00:00,132.69900512695312,132.35049438476562
2020-06-19 00:00:00+00:00,133.75050354003906,133.9040069580078
2020-06-22 00:00:00+00:00,135.6909942626953,134.22500610351562
2020-06-23 00:00:00+00:00,138.2205047607422,136.30099487304688
2020-06-24 00:00:00+00:00,136.72000122070312,139.0
2020-06-25 00:00:00+00:00,137.72900390625,136.9774932861328
2020-06-26 00:00:00+00:00,134.64349365234375,138.7530059814453
2020-06-29 00:00:00+00:00,134.0189971923828,134.50050354003906
2020-06-30 00:00:00+00:00,137.9409942626953,134.2534942626953
2020-07-01 00:00:00+00:00,143.93499755859375,137.89950561523438
2020-07-02 00:00:00+00:00,144.51499938964844,145.60049438476562
2020-07-06 00:00:00+00:00,152.8520050048828,146.74850463867188
2020-07-07 00:00:00+00:00,150.00599670410156,152.92750549316406
2020-07-08 00:00:00+00:00,154.0554962158203,151.1304931640625
2020-07-09 00:00:00+00:00,159.13150024414062,155.79949951171875
2020-07-10 00:00:00+00:00,160.0,159.58799743652344
2020-07-13 00:00:00+00:00,155.1999969482422,162.55299377441406
2020-07-14 00:00:00+00:00,154.1999969482422,154.4499969482422
2020-07-15 00:00:00+00:00,150.44349670410156,154.01150512695312
2020-07-16 00:00:00+00:00,149.9949951171875,148.55299377441406
2020-07-17 00:00:00+00:00,148.09849548339844,150.4499969482422
2020-07-20 00:00:00+00:00,159.8419952392578,150.00999450683594
2020-07-21 00:00:00+00:00,156.9145050048828,161.62449645996094
2020-07-22 00:00:00+00:00,154.99549865722656,156.25
2020-07-23 00:00:00+00:00,149.32749938964844,154.9134979248047
2020-07-24 00:00:00+00:00,150.44549560546875,146.5
2020-07-27 00:00:00+00:00,152.760498046875,153.10000610351562
2020-07-28 00:00:00+00:00,150.01649475097656,152.7135009765625
2020-07-29 00:00:00+00:00,151.67649841308594,151.54949951171875
2020-07-30 00:00:00+00:00,152.593994140625,150.6999969482422
2020-07-31 00:00:00+00:00,158.23399353027344,162.1999969482422
2020-08-03 00:00:00+00:00,155.59449768066406,159.02549743652344
2020-08-04 00:00:00+00:00,156.94149780273438,155.0605010986328
2020-08-05 00:00:00+00:00,160.25149536132812,157.18850708007812
2020-08-06 00:00:00+00:00,161.25,159.71800231933594
2020-08-07 00:00:00+00:00,158.3730010986328,161.20050048828125
2020-08-10 00:00:00+00:00,157.4080047607422,158.5155029296875
2020-08-11 00:00:00+00:00,154.0334930419922,155.66000366210938
2020-08-12 00:00:00+00:00,158.11199951171875,155.39999389648438
2020-08-13 00:00:00+00:00,158.05099487304688,159.14950561523438
2020-08-14 00:00:00+00:00,157.4010009765625,158.90899658203125
2020-08-17 00:00:00+00:00,159.12049865722656,158.656005859375
2020-08-18 00:00:00+00:00,165.62449645996094,160.60000610351562
2020-08-19 00:00:00+00:00,163.0240020751953,165.15049743652344
2020-08-20 00:00:00+00:00,164.86849975585938,162.60000610351562
2020-08-21 00:00:00+00:00,164.23599243164062,164.75
2020-08-24 00:00:00+00:00,165.3730010986328,165.50750732421875
2020-08-25 00:00:00+00:00,167.32449340820312,164.74949645996094
2020-08-26 00:00:00+00:00,172.09249877929688,167.5554962158203
2020-08-27 00:00:00+00:00,170.0,172.50250244140625
2020-08-28 00:00:00+00:00,170.08999633789062,171.14999389648438
2020-08-31 00:00:00+00:00,172.54800415039062,170.44949340820312
2020-09-01 00:00:00+00:00,174.95599365234375,174.47900390625
2020-09-02 00:00:00+00:00,176.57249450683594,177.35000610351562
2020-09-03 00:00:00+00:00,168.39999389648438,174.25
2020-09-04 00:00:00+00:00,164.7310028076172,165.89999389648438
2020-09-08 00:00:00+00:00,157.49200439453125,157.1999969482422
2020-09-09 00:00:00+00:00,163.4304962158203,160.14950561523438
2020-09-10 00:00:00+00:00,158.7554931640625,165.36099243164062
2020-09-11 00:00:00+00:00,155.81100463867188,160.4344940185547
2020-09-14 00:00:00+00:00,155.14849853515625,158.64700317382812
2020-09-15 00:00:00+00:00,157.80650329589844,156.80799865722656
2020-09-16 00:00:00+00:00,153.90499877929688,158.99949645996094
2020-09-17 00:00:00+00:00,150.43649291992188,150.46249389648438
2020-09-18 00:00:00+00:00,147.74549865722656,151.58700561523438
2020-09-21 00:00:00+00:00,148.02349853515625,145.3249969482422
2020-09-22 00:00:00+00:00,156.44949340820312,151.69200134277344
2020-09-23 00:00:00+00:00,149.9929962158203,156.02149963378906
2020-09-24 00:00:00+00:00,150.989501953125,148.88949584960938
2020-09-25 00:00:00+00:00,154.75650024414062,152.7429962158203
2020-09-28 00:00:00+00:00,158.70249938964844,157.4425048828125
2020-09-29 00:00:00+00:00,157.24400329589844,158.76950073242188
2020-09-30 00:00:00+00:00,157.43649291992188,157.0570068359375
2020-10-01 00:00:00+00:00,161.06300354003906,160.39999389648438
2020-10-02 00:00:00+00:00,156.25,157.68150329589844
2020-10-05 00:00:00+00:00,159.9600067138672,157.29200744628906
2020-10-06 00:00:00+00:00,154.9980010986328,158.25
2020-10-07 00:00:00+00:00,159.7845001220703,156.75
2020-10-08 00:00:00+00:00,159.52749633789062,161.24949645996094
2020-10-09 00:00:00+00:00,164.33250427246094,160.5
2020-10-12 00:00:00+00:00,172.14649963378906,167.4969940185547
2020-10-13 00:00:00+00:00,172.18150329589844,173.39950561523438
2020-10-14 00:00:00+00:00,168.1855010986328,172.35000610351562
2020-10-15 00:00:00+00:00,166.9324951171875,164.60049438476562
2020-10-16 00:00:00+00:00,163.635498046875,168.1614990234375
2020-10-19 00:00:00+00:00,160.36050415039062,164.98049926757812
2020-10-20 00:00:00+00:00,160.85049438476562,161.11399841308594
2020-10-21 00:00:00+00:00,159.2469940185547,160.625
2020-10-22 00:00:00+00:00,158.82000732421875,159.49349975585938
2020-10-23 00:00:00+00:00,160.22000122070312,159.5500030517578
2020-10-26 00:00:00+00:00,160.3520050048828,159.93699645996094
2020-10-27 00:00:00+00:00,164.31649780273438,161.2469940185547
2020-10-28 00:00:00+00:00,158.13900756835938,162.46499633789062
2020-10-29 00:00:00+00:00,160.55050659179688,160.06350708007812
2020-10-30 00:00:00+00:00,151.8074951171875,157.8874969482422
2020-11-02 00:00:00+00:00,150.2239990234375,153.08700561523438
2020-11-03 00:00:00+00:00,152.42050170898438,150.92649841308594
2020-11-04 00:00:00+00:00,162.05799865722656,157.99949645996094
2020-11-05 00:00:00+00:00,166.10000610351562,165.99850463867188
2020-11-06 00:00:00+00:00,165.56849670410156,165.23199462890625
2020-11-09 00:00:00+00:00,157.18699645996094,161.55149841308594
2020-11-10 00:00:00+00:00,151.75100708007812,154.75100708007812
2020-11-11 00:00:00+00:00,156.8695068359375,153.08900451660156
2020-11-12 00:00:00+00:00,155.51400756835938,157.99749755859375
2020-11-13 00:00:00+00:00,156.4405059814453,156.10000610351562
2020-11-16 00:00:00+00:00,156.55299377441406,154.66000366210938
2020-11-17 00:00:00+00:00,156.7830047607422,159.177001953125
2020-11-18 00:00:00+00:00,155.2729949951172,156.6999969482422
2020-11-19 00:00:00+00:00,155.8509979248047,155.2655029296875
2020-11-20 00:00:00+00:00,154.97000122070312,155.8509979248047
2020-11-23 00:00:00+00:00,154.91949462890625,155.8350067138672
2020-11-24 00:00:00+00:00,155.9029998779297,155.02499389648438
2020-11-25 00:00:00+00:00,159.2534942626953,157.093505859375
2020-11-27 00:00:00+00:00,159.76699829101562,160.56300354003906
2020-11-30 00:00:00+00:00,158.40199279785156,160.4239959716797
2020-12-01 00:00:00+00:00,161.00399780273438,159.4250030517578
2020-12-02 00:00:00+00:00,160.17649841308594,161.08250427246094
2020-12-03 00:00:00+00:00,159.3365020751953,160.2729949951172
2020-12-04 00:00:00+00:00,158.12899780273438,159.91050720214844
2020-12-07 00:00:00+00:00,157.89999389648438,157.82400512695312
2020-12-08 00:00:00+00:00,158.864501953125,157.94500732421875
2020-12-09 00:00:00+00:00,155.2100067138672,158.39450073242188
2020-12-10 00:00:00+00:00,155.07449340820312,154.44949340820312
2020-12-11 00:00:00+00:00,155.8209991455078,154.83299255371094
2020-12-14 00:00:00+00:00,157.84849548339844,157.14999389648438
2020-12-15 00:00:00+00:00,158.25599670410156,159.05050659179688
2020-12-16 00:00:00+00:00,162.04800415039062,158.80050659179688
2020-12-17 00:00:00+00:00,161.8040008544922,162.5
2020-12-18 00:00:00+00:00,160.08250427246094,162.19949340820312
2020-12-21 00:00:00+00:00,160.3090057373047,160.00050354003906
2020-12-22 00:00:00+00:00,160.3260040283203,160.14199829101562
2020-12-23 00:00:00+00:00,159.2635040283203,160.25
2020-12-24 00:00:00+00:00,158.63450622558594,159.69500732421875
2020-12-28 00:00:00+00:00,164.197998046875,159.6999969482422
2020-12-29 00:00:00+00:00,166.10000610351562,165.4969940185547
2020-12-30 00:00:00+00:00,164.29249572753906,167.0500030517578
2020-12-31 00:00:00+00:00,162.84649658203125,163.75
2021-01-04 00:00:00+00:00,159.3314971923828,163.5
2021-01-05 00:00:00+00:00,160.92550659179688,158.30050659179688
2021-01-06 00:00:00+00:00,156.91900634765625,157.32400512695312
2021-01-07 00:00:00+00:00,158.10800170898438,157.85000610351562
2021-01-08 00:00:00+00:00,159.13499450683594,159.0
2021-01-11 00:00:00+00:00,155.7104949951172,157.40049743652344
2021-01-12 00:00:00+00:00,156.04150390625,156.0
2021-01-13 00:00:00+00:00,158.29449462890625,156.4219970703125
2021-01-14 00:00:00+00:00,156.37350463867188,158.37600708007812
2021-01-15 00:00:00+00:00,155.21249389648438,156.1510009765625
2021-01-19 00:00:00+00:00,156.03799438476562,155.35000610351562
2021-01-20 00:00:00+00:00,163.16900634765625,159.09950256347656
2021-01-21 00:00:00+00:00,165.34950256347656,164.64999389648438
2021-01-22 00:00:00+00:00,164.6114959716797,165.2154998779297
2021-01-25 00:00:00+00:00,164.6999969482422,166.4250030517578
2021-01-26 00:00:00+00:00,166.30650329589844,164.8179931640625
2021-01-27 00:00:00+00:00,161.62899780273438,167.07449340820312
2021-01-28 00:00:00+00:00,161.88099670410156,161.7519989013672
2021-01-29 00:00:00+00:00,160.30999755859375,161.5
2021-02-01 00:00:00+00:00,167.1439971923828,162.1179962158203
2021-02-02 00:00:00+00:00,169.0,169.0
2021-02-03 00:00:00+00:00,165.62649536132812,171.25050354003906
2021-02-04 00:00:00+00:00,166.5500030517578,166.5
2021-02-05 00:00:00+00:00,167.6074981689453,165.9499969482422
2021-02-08 00:00:00+00:00,166.14700317382812,167.9250030517578
2021-02-09 00:00:00+00:00,165.25,165.62449645996094
2021-02-10 00:00:00+00:00,164.32899475097656,165.6999969482422
2021-02-11 00:00:00+00:00,163.10650634765625,164.60000610351562
2021-02-12 00:00:00+00:00,163.885498046875,162.5
2021-02-16 00:00:00+00:00,163.44749450683594,162.70249938964844
2021-02-17 00:00:00+00:00,165.4320068359375,163.17999267578125
2021-02-18 00:00:00+00:00,166.4114990234375,164.12100219726562
2021-02-19 00:00:00+00:00,162.4949951171875,166.4114990234375
2021-02-22 00:00:00+00:00,159.03700256347656,160.406494140625
2021-02-23 00:00:00+00:00,159.72500610351562,156.35150146484375
2021-02-24 00:00:00+00:00,157.97650146484375,158.33749389648438
2021-02-25 00:00:00+00:00,152.85800170898438,156.83700561523438
2021-02-26 00:00:00+00:00,154.64649963378906,154.75999450683594
2021-03-01 00:00:00+00:00,157.3070068359375,156.39450073242188
2021-03-02 00:00:00+00:00,154.72650146484375,157.17349243164062
2021-03-03 00:00:00+00:00,150.25,154.0590057373047
2021-03-04 00:00:00+00:00,148.8784942626953,150.60000610351562
2021-03-05 00:00:00+00:00,150.0229949951172,150.25
2021-03-08 00:00:00+00:00,147.59750366210938,150.75
2021-03-09 00:00:00+00:00,153.1425018310547,150.89950561523438
2021-03-10 00:00:00+00:00,152.8820037841797,154.92250061035156
2021-03-11 00:00:00+00:00,155.67950439453125,155.20050048828125
2021-03-12 00:00:00+00:00,154.47450256347656,153.75
2021-03-15 00:00:00+00:00,154.08399963378906,153.72850036621094
2021-03-16 00:00:00+00:00,154.59300231933594,155.24850463867188
2021-03-17 00:00:00+00:00,156.7864990234375,153.66099548339844
2021-03-18 00:00:00+00:00,151.39950561523438,155.0500030517578
2021-03-19 00:00:00+00:00,153.7480010986328,151.4615020751953
2021-03-22 00:00:00+00:00,155.5435028076172,153.3925018310547
2021-03-23 00:00:00+00:00,156.875,156.35000610351562
2021-03-24 00:00:00+00:00,154.35350036621094,157.552001953125
2021-03-25 00:00:00+00:00,152.31300354003906,153.64950561523438
2021-03-26 00:00:00+00:00,152.60150146484375,152.2030029296875
2021-03-29 00:00:00+00:00,153.7864990234375,152.77200317382812
2021-03-30 00:00:00+00:00,152.76449584960938,153.50050354003906
2021-03-31 00:00:00+00:00,154.70399475097656,153.2030029296875
2021-04-01 00:00:00+00:00,158.0500030517578,155.89700317382812
2021-04-05 00:00:00+00:00,161.3365020751953,158.64999389648438
2021-04-06 00:00:00+00:00,161.1909942626953,161.1875
2021-04-07 00:00:00+00:00,163.96949768066406,161.69000244140625
2021-04-08 00:00:00+00:00,164.96499633789062,165.5449981689453
2021-04-09 00:00:00+00:00,168.61000061035156,165.23500061035156
2021-04-12 00:00:00+00:00,168.96949768066406,167.760498046875
2021-04-13 00:00:00+00:00,170.0,170.04249572753906
2021-04-14 00:00:00+00:00,166.64999389648438,170.20199584960938
2021-04-15 00:00:00+00:00,168.95449829101562,168.5500030517578
2021-04-16 00:00:00+00:00,169.9720001220703,169.0
2021-04-19 00:00:00+00:00,168.60049438476562,169.51649475097656
2021-04-20 00:00:00+00:00,166.7344970703125,168.67999267578125
2021-04-21 00:00:00+00:00,168.1009979248047,165.8000030517578
2021-04-22 00:00:00+00:00,165.45199584960938,168.58399963378906
2021-04-23 00:00:00+00:00,167.04400634765625,165.9550018310547
2021-04-26 00:00:00+00:00,170.4499969482422,167.39999389648438
2021-04-27 00:00:00+00:00,170.8715057373047,172.17349243164062
2021-04-28 00:00:00+00:00,172.9250030517578,171.74000549316406
2021-04-29 00:00:00+00:00,173.5655059814453,175.2550048828125
2021-04-30 00:00:00+00:00,173.37100219726562,176.25599670410156
2021-05-03 00:00:00+00:00,169.32449340820312,174.2364959716797
2021-05-04 00:00:00+00:00,165.593505859375,167.8094940185547
2021-05-05 00:00:00+00:00,163.52699279785156,166.9429931640625
2021-05-06 00:00:00+00:00,165.31849670410156,163.5
2021-05-07 00:00:00+00:00,164.58050537109375,165.95449829101562
2021-05-10 00:00:00+00:00,159.52450561523438,164.11599731445312
2021-05-11 00:00:00+00:00,161.19549560546875,156.81399536132812
2021-05-12 00:00:00+00:00,157.5970001220703,159.25
2021-05-13 00:00:00+00:00,158.07350158691406,159.27349853515625
2021-05-14 00:00:00+00:00,161.14500427246094,159.2779998779297
2021-05-17 00:00:00+00:00,163.51950073242188,162.29649353027344
2021-05-18 00:00:00+00:00,161.61399841308594,164.62899780273438
2021-05-19 00:00:00+00:00,161.58999633789062,159.75
2021-05-20 00:00:00+00:00,162.38400268554688,162.22000122070312
2021-05-21 00:00:00+00:00,160.1540069580078,162.5
2021-05-24 00:00:00+00:00,162.24949645996094,160.77499389648438
2021-05-25 00:00:00+00:00,162.95249938964844,163.33349609375
2021-05-26 00:00:00+00:00,163.25799560546875,163.72950744628906
2021-05-27 00:00:00+00:00,161.5054931640625,162.8000030517578
2021-05-28 00:00:00+00:00,161.15350341796875,162.10000610351562
2021-06-01 00:00:00+00:00,160.9324951171875,162.1750030517578
2021-06-02 00:00:00+00:00,161.69949340820312,161.15499877929688
2021-06-03 00:00:00+00:00,159.35049438476562,160.2115020751953
2021-06-04 00:00:00+00:00,160.31100463867188,160.60000610351562
2021-06-07 00:00:00+00:00,159.90049743652344,159.8665008544922
2021-06-08 00:00:00+00:00,163.20550537109375,161.1304931640625
2021-06-09 00:00:00+00:00,164.0574951171875,163.64349365234375
2021-06-10 00:00:00+00:00,167.4824981689453,164.10049438476562
2021-06-11 00:00:00+00:00,167.3415069580078,167.4824981689453
2021-06-14 00:00:00+00:00,169.19349670410156,167.3415069580078
2021-06-15 00:00:00+00:00,169.156494140625,169.1999969482422
2021-06-16 00:00:00+00:00,170.7624969482422,169.60000610351562
2021-06-17 00:00:00+00:00,174.46200561523438,170.15899658203125
2021-06-18 00:00:00+00:00,174.34500122070312,173.99949645996094
2021-06-21 00:00:00+00:00,172.697998046875,173.8209991455078
2021-06-22 00:00:00+00:00,175.27200317382812,172.9029998779297
2021-06-23 00:00:00+00:00,175.1909942626953,175.25
2021-06-24 00:00:00+00:00,172.45399475097656,175.3820037841797
2021-06-25 00:00:00+00:00,170.072998046875,173.1999969482422
2021-06-28 00:00:00+00:00,172.1945037841797,170.8000030517578
2021-06-29 00:00:00+00:00,172.40699768066406,171.9409942626953
2021-06-30 00:00:00+00:00,172.00799560546875,172.05299377441406
2021-07-01 00:00:00+00:00,171.64849853515625,171.73049926757812
2021-07-02 00:00:00+00:00,175.5489959716797,172.58200073242188
2021-07-06 00:00:00+00:00,183.78700256347656,176.5054931640625
2021-07-07 00:00:00+00:00,184.82899475097656,185.86900329589844
2021-07-08 00:00:00+00:00,186.57049560546875,182.17799377441406
2021-07-09 00:00:00+00:00,185.9669952392578,186.12600708007812
2021-07-12 00:00:00+00:00,185.92750549316406,187.1999969482422
2021-07-13 00:00:00+00:00,183.8679962158203,185.10499572753906
2021-07-14 00:00:00+00:00,184.08399963378906,185.4425048828125
2021-07-15 00:00:00+00:00,181.55999755859375,184.7100067138672
2021-07-16 00:00:00+00:00,178.68150329589844,181.66549682617188
2021-07-19 00:00:00+00:00,177.47950744628906,176.62899780273438
2021-07-20 00:00:00+00:00,178.6595001220703,178.36599731445312
2021-07-21 00:00:00+00:00,179.25999450683594,178.81900024414062
2021-07-22 00:00:00+00:00,181.90150451660156,179.3614959716797
2021-07-23 00:00:00+00:00,182.83200073242188,182.0
2021-07-26 00:00:00+00:00,184.99099731445312,183.6584930419922
2021-07-27 00:00:00+00:00,181.3195037841797,184.9250030517578
2021-07-28 00:00:00+00:00,181.51600646972656,181.68899536132812
2021-07-29 00:00:00+00:00,179.99600219726562,181.3874969482422
2021-07-30 00:00:00+00:00,166.37950134277344,167.3975067138672
2021-08-02 00:00:00+00:00,166.57400512695312,167.65499877929688
2021-08-03 00:00:00+00:00,168.31199645996094,167.03599548339844
2021-08-04 00:00:00+00:00,167.73599243164062,168.96749877929688
2021-08-05 00:00:00+00:00,168.79949951171875,167.81100463867188
2021-08-06 00:00:00+00:00,167.2469940185547,168.75
2021-08-09 00:00:00+00:00,167.093505859375,167.1804962158203
2021-08-10 00:00:00+00:00,166.03399658203125,167.25050354003906
2021-08-11 00:00:00+00:00,164.60549926757812,166.57249450683594
2021-08-12 00:00:00+00:00,165.1750030517578,164.5
2021-08-13 00:00:00+00:00,164.69850158691406,165.2834930419922
2021-08-16 00:00:00+00:00,164.94949340820312,164.14999389648438
2021-08-17 00:00:00+00:00,162.09800720214844,163.875
2021-08-18 00:00:00+00:00,160.06100463867188,162.09950256347656
2021-08-19 00:00:00+00:00,159.3874969482422,159.7010040283203
2021-08-20 00:00:00+00:00,159.99749755859375,160.19349670410156
2021-08-23 00:00:00+00:00,163.2935028076172,160.59500122070312
2021-08-24 00:00:00+00:00,165.28900146484375,164.0
2021-08-25 00:00:00+00:00,164.95899963378906,165.49349975585938
2021-08-26 00:00:00+00:00,165.8000030517578,164.9499969482422
2021-08-27 00:00:00+00:00,167.48150634765625,166.6614990234375
2021-08-30 00:00:00+00:00,171.07850646972656,167.8715057373047
2021-08-31 00:00:00+00:00,173.5395050048828,171.24000549316406
2021-09-01 00:00:00+00:00,173.9499969482422,174.82000732421875
2021-09-02 00:00:00+00:00,173.156005859375,174.73800659179688
2021-09-03 00:00:00+00:00,173.90249633789062,172.60000610351562
2021-09-07 00:00:00+00:00,175.46449279785156,173.89999389648438
2021-09-08 00:00:00+00:00,176.27499389648438,175.58250427246094
2021-09-09 00:00:00+00:00,174.20799255371094,176.30099487304688
2021-09-10 00:00:00+00:00,173.45750427246094,175.0915069580078
2021-09-13 00:00:00+00:00,172.85850524902344,174.13999938964844
2021-09-14 00:00:00+00:00,172.5,173.77749633789062
2021-09-15 00:00:00+00:00,173.7895050048828,172.12600708007812
2021-09-16 00:00:00+00:00,174.41200256347656,172.9980010986328
2021-09-17 00:00:00+00:00,173.12600708007812,174.42050170898438
2021-09-20 00:00:00+00:00,167.7864990234375,169.8000030517578
2021-09-21 00:00:00+00:00,167.18150329589844,168.75
2021-09-22 00:00:00+00:00,169.00250244140625,167.5500030517578
2021-09-23 00:00:00+00:00,170.8000030517578,169.00250244140625
2021-09-24 00:00:00+00:00,171.2760009765625,170.10049438476562
2021-09-27 00:00:00+00:00,170.2899932861328,168.5749969482422
2021-09-28 00:00:00+00:00,165.79800415039062,167.885498046875
2021-09-29 00:00:00+00:00,165.05599975585938,166.10549926757812
2021-09-30 00:00:00+00:00,164.2519989013672,165.8000030517578
2021-10-01 00:00:00+00:00,164.16299438476562,164.45050048828125
2021-10-04 00:00:00+00:00,159.48899841308594,163.96949768066406
2021-10-05 00:00:00+00:00,161.0500030517578,160.22500610351562
2021-10-06 00:00:00+00:00,163.10049438476562,160.67649841308594
2021-10-07 00:00:00+00:00,165.1215057373047,164.57699584960938
2021-10-08 00:00:00+00:00,164.43099975585938,165.85000610351562
2021-10-11 00:00:00+00:00,162.31500244140625,163.75
2021-10-12 00:00:00+00:00,162.3665008544922,162.85000610351562
2021-10-13 00:00:00+00:00,164.21400451660156,163.48550415039062
2021-10-14 00:00:00+00:00,164.9929962158203,165.12249755859375
2021-10-15 00:00:00+00:00,170.4510040283203,165.5709991455078
2021-10-18 00:00:00+00:00,172.33700561523438,169.41799926757812
2021-10-19 00:00:00+00:00,172.20750427246094,171.71449279785156
2021-10-20 00:00:00+00:00,170.7530059814453,172.63299560546875
2021-10-21 00:00:00+00:00,171.75050354003906,170.71249389648438
2021-10-22 00:00:00+00:00,166.77749633789062,171.0500030517578
2021-10-25 00:00:00+00:00,166.01849365234375,166.75
2021-10-26 00:00:00+00:00,168.80349731445312,167.47549438476562
2021-10-27 00:00:00+00:00,169.62449645996094,169.39999389648438
2021-10-28 00:00:00+00:00,172.32850646972656,170.10499572753906
2021-10-29 00:00:00+00:00,168.6215057373047,165.00100708007812
2021-11-01 00:00:00+00:00,165.90550231933594,168.08999633789062
2021-11-02 00:00:00+00:00,165.6374969482422,165.75050354003906
2021-11-03 00:00:00+00:00,169.1999969482422,165.4499969482422
2021-11-04 00:00:00+00:00,173.85000610351562,168.5
2021-11-05 00:00:00+00:00,175.94949340820312,173.85000610351562
2021-11-08 00:00:00+00:00,174.44900512695312,176.16200256347656
2021-11-09 00:00:00+00:00,178.81149291992188,175.7624969482422
2021-11-10 00:00:00+00:00,174.1024932861328,178.19349670410156
2021-11-11 00:00:00+00:00,173.625,175.64999389648438
2021-11-12 00:00:00+00:00,176.25750732421875,174.25
2021-11-15 00:00:00+00:00,177.28399658203125,176.85000610351562
2021-11-16 00:00:00+00:00,177.03500366210938,176.9499969482422
2021-11-17 00:00:00+00:00,177.4499969482422,178.23599243164062
2021-11-18 00:00:00+00:00,184.80299377441406,178.3175048828125
2021-11-19 00:00:00+00:00,183.82850646972656,185.63450622558594
2021-11-22 00:00:00+00:00,178.6284942626953,183.81900024414062
2021-11-23 00:00:00+00:00,179.0019989013672,179.2519989013672
2021-11-24 00:00:00+00:00,179.02049255371094,178.1334991455078
2021-11-26 00:00:00+00:00,175.22799682617188,180.10499572753906
2021-11-29 00:00:00+00:00,178.07850646972656,177.3820037841797
2021-11-30 00:00:00+00:00,175.35350036621094,178.1750030517578
2021-12-01 00:00:00+00:00,172.18600463867188,177.25
2021-12-02 00:00:00+00:00,171.8679962158203,173.0
2021-12-03 00:00:00+00:00,169.489501953125,172.75
2021-12-06 00:00:00+00:00,171.36849975585938,169.64999389648438
2021-12-07 00:00:00+00:00,176.1645050048828,174.60000610351562
2021-12-08 00:00:00+00:00,176.1580047607422,176.15049743652344
2021-12-09 00:00:00+00:00,174.17100524902344,175.75
2021-12-10 00:00:00+00:00,172.21200561523438,175.41700744628906
2021-12-13 00:00:00+00:00,169.5675048828125,172.0
2021-12-14 00:00:00+00:00,169.0915069580078,167.5500030517578
2021-12-15 00:00:00+00:00,173.31500244140625,168.59800720214844
2021-12-16 00:00:00+00:00,168.87100219726562,173.36849975585938
2021-12-17 00:00:00+00:00,170.0175018310547,167.7104949951172
2021-12-20 00:00:00+00:00,167.07899475097656,166.85000610351562
2021-12-21 00:00:00+00:00,170.41700744628906,167.85049438476562
2021-12-22 00:00:00+00:00,171.03700256347656,169.27000427246094
2021-12-23 00:00:00+00:00,171.06849670410156,170.42799377441406
2021-12-27 00:00:00+00:00,169.66949462890625,171.03700256347656
2021-12-28 00:00:00+00:00,170.66099548339844,170.1824951171875
2021-12-29 00:00:00+00:00,169.2010040283203,170.83999633789062
2021-12-30 00:00:00+00:00,168.64450073242188,169.6999969482422
2021-12-31 00:00:00+00:00,166.7169952392578,168.95599365234375
2022-01-03 00:00:00+00:00,170.4044952392578,167.5500030517578
2022-01-04 00:00:00+00:00,167.52200317382812,170.43800354003906
2022-01-05 00:00:00+00:00,164.35699462890625,166.88299560546875
2022-01-06 00:00:00+00:00,163.25399780273438,163.45050048828125
2022-01-07 00:00:00+00:00,162.5540008544922,163.83900451660156
2022-01-10 00:00:00+00:00,161.48599243164062,160.5854949951172
2022-01-11 00:00:00+00:00,165.36199951171875,161.5
2022-01-12 00:00:00+00:00,165.20700073242188,166.5749969482422
2022-01-13 00:00:00+00:00,161.21400451660156,165.25050354003906
2022-01-14 00:00:00+00:00,162.13800048828125,160.14999389648438
2022-01-18 00:00:00+00:00,158.91749572753906,159.10499572753906
2022-01-19 00:00:00+00:00,156.2989959716797,158.76199340820312
2022-01-20 00:00:00+00:00,151.66749572753906,156.76600646972656
2022-01-21 00:00:00+00:00,142.64300537109375,149.9499969482422
2022-01-24 00:00:00+00:00,144.54400634765625,139.0
2022-01-25 00:00:00+00:00,139.98599243164062,142.24249267578125
2022-01-26 00:00:00+00:00,138.87249755859375,144.75
2022-01-27 00:00:00+00:00,139.6374969482422,140.8000030517578
2022-01-28 00:00:00+00:00,143.97799682617188,140.86050415039062
2022-01-31 00:00:00+00:00,149.57350158691406,144.75
2022-02-01 00:00:00+00:00,151.19349670410156,150.0
2022-02-02 00:00:00+00:00,150.6125030517578,155.05050659179688
2022-02-03 00:00:00+00:00,138.8455047607422,141.7375030517578
2022-02-04 00:00:00+00:00,157.63949584960938,155.60650634765625
2022-02-07 00:00:00+00:00,157.9355010986328,158.52000427246094
2022-02-08 00:00:00+00:00,161.4134979248047,156.75050354003906
2022-02-09 00:00:00+00:00,161.1894989013672,162.87350463867188
2022-02-10 00:00:00+00:00,159.0034942626953,158.35000610351562
2022-02-11 00:00:00+00:00,153.2935028076172,158.13450622558594
2022-02-14 00:00:00+00:00,155.16700744628906,151.75100708007812
2022-02-15 00:00:00+00:00,156.510498046875,157.60549926757812
2022-02-16 00:00:00+00:00,158.10049438476562,155.79049682617188
2022-02-17 00:00:00+00:00,154.65249633789062,158.14599609375
2022-02-18 00:00:00+00:00,152.60150146484375,155.49949645996094
2022-02-22 00:00:00+00:00,150.19749450683594,150.47850036621094
2022-02-23 00:00:00+00:00,144.82699584960938,151.65049743652344
2022-02-24 00:00:00+00:00,151.35800170898438,139.83749389648438
2022-02-25 00:00:00+00:00,153.7884979248047,150.5500030517578
2022-02-28 00:00:00+00:00,153.56300354003906,152.4250030517578
2022-03-01 00:00:00+00:00,151.14199829101562,152.7324981689453
2022-03-02 00:00:00+00:00,152.05250549316406,150.8489990234375
2022-03-03 00:00:00+00:00,147.89849853515625,153.531494140625
2022-03-04 00:00:00+00:00,145.64100646972656,147.15899658203125
2022-03-07 00:00:00+00:00,137.4530029296875,145.44349670410156
2022-03-08 00:00:00+00:00,136.01449584960938,136.68350219726562
2022-03-09 00:00:00+00:00,139.2790069580078,139.5
2022-03-10 00:00:00+00:00,146.8175048828125,145.68499755859375
2022-03-11 00:00:00+00:00,145.52450561523438,149.57449340820312
2022-03-14 00:00:00+00:00,141.85299682617188,145.9810028076172
2022-03-15 00:00:00+00:00,147.3665008544922,142.85000610351562
2022-03-16 00:00:00+00:00,153.10400390625,148.5
2022-03-17 00:00:00+00:00,157.23899841308594,152.6405029296875
2022-03-18 00:00:00+00:00,161.25050354003906,156.81300354003906
2022-03-21 00:00:00+00:00,161.4915008544922,161.12100219726562
2022-03-22 00:00:00+00:00,164.88900756835938,161.8054962158203
2022-03-23 00:00:00+00:00,163.4080047607422,163.7050018310547
2022-03-24 00:00:00+00:00,163.64950561523438,163.74949645996094
2022-03-25 00:00:00+00:00,164.77349853515625,164.0
2022-03-28 00:00:00+00:00,168.99049377441406,164.97500610351562
2022-03-29 00:00:00+00:00,169.31500244140625,170.38400268554688
2022-03-30 00:00:00+00:00,166.30099487304688,168.50950622558594
2022-03-31 00:00:00+00:00,162.99749755859375,166.44500732421875
2022-04-01 00:00:00+00:00,163.55999755859375,164.14950561523438
2022-04-04 00:00:00+00:00,168.34649658203125,164.125
2022-04-05 00:00:00+00:00,164.05499267578125,167.7415008544922
2022-04-06 00:00:00+00:00,158.75599670410156,161.65049743652344
2022-04-07 00:00:00+00:00,157.7845001220703,158.39999389648438
2022-04-08 00:00:00+00:00,154.4604949951172,156.75
2022-04-11 00:00:00+00:00,151.1219940185547,152.71299743652344
2022-04-12 00:00:00+00:00,150.78750610351562,153.6925048828125
2022-04-13 00:00:00+00:00,155.54100036621094,150.01849365234375
2022-04-14 00:00:00+00:00,151.7064971923828,155.38999938964844
2022-04-18 00:00:00+00:00,152.78500366210938,151.52349853515625
2022-04-19 00:00:00+00:00,158.11549377441406,152.0294952392578
2022-04-20 00:00:00+00:00,153.9980010986328,157.6024932861328
2022-04-21 00:00:00+00:00,148.29600524902344,154.71400451660156
2022-04-22 00:00:00+00:00,144.35000610351562,148.25
2022-04-25 00:00:00+00:00,146.07400512695312,144.0229949951172
2022-04-26 00:00:00+00:00,139.39100646972656,144.8000030517578
2022-04-27 00:00:00+00:00,138.16700744628906,140.19149780273438
2022-04-28 00:00:00+00:00,144.59649658203125,142.17799377441406
2022-04-29 00:00:00+00:00,124.28150177001953,129.8489990234375
2022-05-02 00:00:00+00:00,124.5,122.4010009765625
2022-05-03 00:00:00+00:00,124.25350189208984,124.05349731445312
2022-05-04 00:00:00+00:00,125.92849731445312,123.5999984741211
2022-05-05 00:00:00+00:00,116.40699768066406,123.0
2022-05-06 00:00:00+00:00,114.77249908447266,114.8499984741211
2022-05-09 00:00:00+00:00,108.78900146484375,111.3125
2022-05-10 00:00:00+00:00,108.85900115966797,111.25
2022-05-11 00:00:00+00:00,105.37200164794922,108.10350036621094
2022-05-12 00:00:00+00:00,106.93049621582031,102.75
2022-05-13 00:00:00+00:00,113.05500030517578,109.06900024414062
2022-05-16 00:00:00+00:00,110.81050109863281,113.0999984741211
2022-05-17 00:00:00+00:00,115.36849975585938,113.2750015258789
2022-05-18 00:00:00+00:00,107.11250305175781,111.43949890136719
2022-05-19 00:00:00+00:00,107.31900024414062,106.28050231933594
2022-05-20 00:00:00+00:00,107.59100341796875,109.56849670410156
2022-05-23 00:00:00+00:00,107.55699920654297,108.46099853515625
2022-05-24 00:00:00+00:00,104.0999984741211,104.0250015258789
2022-05-25 00:00:00+00:00,106.7750015258789,103.65550231933594
2022-05-26 00:00:00+00:00,111.07749938964844,107.97000122070312
2022-05-27 00:00:00+00:00,115.14649963378906,113.55000305175781
2022-05-31 00:00:00+00:00,120.20950317382812,116.27999877929688
2022-06-01 00:00:00+00:00,121.68399810791016,122.25599670410156
2022-06-02 00:00:00+00:00,125.51100158691406,121.68399810791016
2022-06-03 00:00:00+00:00,122.3499984741211,124.19999694824219
2022-06-06 00:00:00+00:00,124.79000091552734,125.25
2022-06-07 00:00:00+00:00,123.0,122.01000213623047
2022-06-08 00:00:00+00:00,121.18000030517578,122.61000061035156
2022-06-09 00:00:00+00:00,116.1500015258789,119.98999786376953
2022-06-10 00:00:00+00:00,109.6500015258789,113.41999816894531
2022-06-13 00:00:00+00:00,103.66999816894531,104.19000244140625
2022-06-14 00:00:00+00:00,102.30999755859375,104.19000244140625
2022-06-15 00:00:00+00:00,107.66999816894531,103.86000061035156
2022-06-16 00:00:00+00:00,103.66000366210938,104.47000122070312
2022-06-17 00:00:00+00:00,106.22000122070312,102.80000305175781
2022-06-21 00:00:00+00:00,108.68000030517578,108.19999694824219
2022-06-22 00:00:00+00:00,108.94999694824219,107.43000030517578
2022-06-23 00:00:00+00:00,112.44000244140625,110.38999938964844
2022-06-24 00:00:00+00:00,116.45999908447266,112.37999725341797
2022-06-27 00:00:00+00:00,113.22000122070312,117.08999633789062
2022-06-28 00:00:00+00:00,107.4000015258789,113.5
2022-06-29 00:00:00+00:00,108.91999816894531,107.37999725341797
2022-06-30 00:00:00+00:00,106.20999908447266,108.11000061035156
2022-07-01 00:00:00+00:00,109.55999755859375,106.29000091552734
2022-07-05 00:00:00+00:00,113.5,107.5999984741211
2022-07-06 00:00:00+00:00,114.33000183105469,113.20999908447266
2022-07-07 00:00:00+00:00,116.33000183105469,113.8499984741211
2022-07-08 00:00:00+00:00,115.54000091552734,114.5999984741211
2022-07-11 00:00:00+00:00,111.75,114.08000183105469
2022-07-12 00:00:00+00:00,109.22000122070312,112.16000366210938
2022-07-13 00:00:00+00:00,110.4000015258789,107.02999877929688
2022-07-14 00:00:00+00:00,110.62999725341797,110.23999786376953
2022-07-15 00:00:00+00:00,113.55000305175781,112.5
2022-07-18 00:00:00+00:00,113.76000213623047,115.0
2022-07-19 00:00:00+00:00,118.20999908447266,115.69999694824219
2022-07-20 00:00:00+00:00,122.7699966430664,118.62000274658203
2022-07-21 00:00:00+00:00,124.62999725341797,123.19999694824219
2022-07-22 00:00:00+00:00,122.41999816894531,125.01000213623047
2022-07-25 00:00:00+00:00,121.13999938964844,122.69999694824219
2022-07-26 00:00:00+00:00,114.80999755859375,115.79000091552734
2022-07-27 00:00:00+00:00,120.97000122070312,117.30999755859375
2022-07-28 00:00:00+00:00,122.27999877929688,121.56999969482422
2022-07-29 00:00:00+00:00,134.9499969482422,134.89999389648438
2022-08-01 00:00:00+00:00,135.38999938964844,134.9600067138672
2022-08-02 00:00:00+00:00,134.16000366210938,134.72000122070312
2022-08-03 00:00:00+00:00,139.52000427246094,136.2100067138672
2022-08-04 00:00:00+00:00,142.57000732421875,140.5800018310547
2022-08-05 00:00:00+00:00,140.8000030517578,140.10000610351562
2022-08-08 00:00:00+00:00,139.41000366210938,142.0500030517578
2022-08-09 00:00:00+00:00,137.8300018310547,138.0500030517578
2022-08-10 00:00:00+00:00,142.69000244140625,142.89999389648438
2022-08-11 00:00:00+00:00,140.63999938964844,143.86000061035156
2022-08-12 00:00:00+00:00,143.5500030517578,142.0500030517578
2022-08-15 00:00:00+00:00,143.17999267578125,142.8000030517578
2022-08-16 00:00:00+00:00,144.77999877929688,143.91000366210938
2022-08-17 00:00:00+00:00,142.10000610351562,142.69000244140625
2022-08-18 00:00:00+00:00,142.3000030517578,141.32000732421875
2022-08-19 00:00:00+00:00,138.22999572753906,140.47000122070312
2022-08-22 00:00:00+00:00,133.22000122070312,135.72000122070312
2022-08-23 00:00:00+00:00,133.6199951171875,133.41000366210938
2022-08-24 00:00:00+00:00,133.8000030517578,132.75
2022-08-25 00:00:00+00:00,137.27999877929688,135.25999450683594
2022-08-26 00:00:00+00:00,130.75,136.5500030517578
2022-08-29 00:00:00+00:00,129.7899932861328,129.89999389648438
2022-08-30 00:00:00+00:00,128.72999572753906,131.25
2022-08-31 00:00:00+00:00,126.7699966430664,129.4499969482422
2022-09-01 00:00:00+00:00,127.81999969482422,126.0
2022-09-02 00:00:00+00:00,127.51000213623047,129.5
2022-09-06 00:00:00+00:00,126.11000061035156,127.91999816894531
2022-09-07 00:00:00+00:00,129.47999572753906,126.12000274658203
2022-09-08 00:00:00+00:00,129.82000732421875,127.72000122070312
2022-09-09 00:00:00+00:00,133.27000427246094,130.91000366210938
2022-09-12 00:00:00+00:00,136.4499969482422,134.10000610351562
2022-09-13 00:00:00+00:00,126.81999969482422,131.00999450683594
2022-09-14 00:00:00+00:00,128.5500030517578,127.36000061035156
2022-09-15 00:00:00+00:00,126.27999877929688,127.37999725341797
2022-09-16 00:00:00+00:00,123.52999877929688,122.77999877929688
2022-09-19 00:00:00+00:00,124.66000366210938,122.16000366210938
2022-09-20 00:00:00+00:00,122.19000244140625,123.3499984741211
2022-09-21 00:00:00+00:00,118.54000091552734,122.48999786376953
2022-09-22 00:00:00+00:00,117.30999755859375,117.08000183105469
2022-09-23 00:00:00+00:00,113.77999877929688,116.0
2022-09-26 00:00:00+00:00,115.1500015258789,113.30000305175781
2022-09-27 00:00:00+00:00,114.41000366210938,117.19999694824219
2022-09-28 00:00:00+00:00,118.01000213623047,114.37999725341797
2022-09-29 00:00:00+00:00,114.80000305175781,115.5999984741211
2022-09-30 00:00:00+00:00,113.0,114.08000183105469
2022-10-03 00:00:00+00:00,115.87999725341797,113.58000183105469
2022-10-04 00:00:00+00:00,121.08999633789062,119.88999938964844
2022-10-05 00:00:00+00:00,120.94999694824219,118.58000183105469
2022-10-06 00:00:00+00:00,120.30000305175781,120.7699966430664
2022-10-07 00:00:00+00:00,114.55999755859375,118.0
2022-10-10 00:00:00+00:00,113.66999816894531,115.0999984741211
2022-10-11 00:00:00+00:00,112.20999908447266,112.70999908447266
2022-10-12 00:00:00+00:00,112.9000015258789,112.48999786376953
2022-10-13 00:00:00+00:00,112.52999877929688,107.87999725341797
2022-10-14 00:00:00+00:00,106.9000015258789,114.0999984741211
2022-10-17 00:00:00+00:00,113.79000091552734,110.11000061035156
2022-10-18 00:00:00+00:00,116.36000061035156,119.05999755859375
2022-10-19 00:00:00+00:00,115.06999969482422,114.70999908447266
2022-10-20 00:00:00+00:00,115.25,113.83000183105469
2022-10-21 00:00:00+00:00,119.31999969482422,114.79000091552734
2022-10-24 00:00:00+00:00,119.81999969482422,119.9800033569336
2022-10-25 00:00:00+00:00,120.5999984741211,119.6500015258789
2022-10-26 00:00:00+00:00,115.66000366210938,116.0
2022-10-27 00:00:00+00:00,110.95999908447266,113.91999816894531
2022-10-28 00:00:00+00:00,103.41000366210938,97.91000366210938
2022-10-31 00:00:00+00:00,102.44000244140625,103.55999755859375
2022-11-01 00:00:00+00:00,96.79000091552734,103.98999786376953
2022-11-02 00:00:00+00:00,92.12000274658203,97.31999969482422
2022-11-03 00:00:00+00:00,89.30000305175781,92.47000122070312
2022-11-04 00:00:00+00:00,90.9800033569336,91.48999786376953
2022-11-07 00:00:00+00:00,90.52999877929688,91.94999694824219
2022-11-08 00:00:00+00:00,89.9800033569336,90.79000091552734
2022-11-09 00:00:00+00:00,86.13999938964844,89.47000122070312
2022-11-10 00:00:00+00:00,96.62999725341797,92.94000244140625
2022-11-11 00:00:00+00:00,100.79000091552734,97.87999725341797
2022-11-14 00:00:00+00:00,98.48999786376953,98.7699966430664
2022-11-15 00:00:00+00:00,98.94000244140625,103.20999908447266
2022-11-16 00:00:00+00:00,97.12000274658203,96.8499984741211
2022-11-17 00:00:00+00:00,94.8499984741211,95.37000274658203
2022-11-18 00:00:00+00:00,94.13999938964844,95.94999694824219
2022-11-21 00:00:00+00:00,92.45999908447266,93.97000122070312
2022-11-22 00:00:00+00:00,93.19999694824219,92.62000274658203
2022-11-23 00:00:00+00:00,94.12999725341797,93.23999786376953
2022-11-25 00:00:00+00:00,93.41000366210938,93.79000091552734
2022-11-28 00:00:00+00:00,93.94999694824219,93.93000030517578
2022-11-29 00:00:00+00:00,92.41999816894531,94.04000091552734
2022-11-30 00:00:00+00:00,96.54000091552734,92.47000122070312
2022-12-01 00:00:00+00:00,95.5,96.98999786376953
2022-12-02 00:00:00+00:00,94.12999725341797,94.4800033569336
2022-12-05 00:00:00+00:00,91.01000213623047,93.05000305175781
2022-12-06 00:00:00+00:00,88.25,90.5
2022-12-07 00:00:00+00:00,88.45999908447266,88.33999633789062
2022-12-08 00:00:00+00:00,90.3499984741211,89.23999786376953
2022-12-09 00:00:00+00:00,89.08999633789062,88.9000015258789
2022-12-12 00:00:00+00:00,90.55000305175781,89.20999908447266
2022-12-13 00:00:00+00:00,92.48999786376953,95.2300033569336
2022-12-14 00:00:00+00:00,91.58000183105469,92.5
2022-12-15 00:00:00+00:00,88.44999694824219,89.88999938964844
2022-12-16 00:00:00+00:00,87.86000061035156,88.2699966430664
2022-12-19 00:00:00+00:00,84.91999816894531,87.51000213623047
2022-12-20 00:00:00+00:00,85.19000244140625,85.33000183105469
2022-12-21 00:00:00+00:00,86.7699966430664,86.18000030517578
2022-12-22 00:00:00+00:00,83.79000091552734,85.5199966430664
2022-12-23 00:00:00+00:00,85.25,83.25
2022-12-27 00:00:00+00:00,83.04000091552734,84.97000122070312
2022-12-28 00:00:00+00:00,81.81999969482422,82.80000305175781
2022-12-29 00:00:00+00:00,84.18000030517578,82.87000274658203
2022-12-30 00:00:00+00:00,84.0,83.12000274658203
2023-01-03 00:00:00+00:00,85.81999969482422,85.45999908447266
2023-01-04 00:00:00+00:00,85.13999938964844,86.55000305175781
2023-01-05 00:00:00+00:00,83.12000274658203,85.33000183105469
2023-01-06 00:00:00+00:00,86.08000183105469,83.02999877929688
2023-01-09 00:00:00+00:00,87.36000061035156,87.45999908447266
2023-01-10 00:00:00+00:00,89.87000274658203,87.56999969482422
2023-01-11 00:00:00+00:00,95.08999633789062,90.93000030517578
2023-01-12 00:00:00+00:00,95.2699966430664,96.93000030517578
2023-01-13 00:00:00+00:00,98.12000274658203,94.18000030517578
2023-01-17 00:00:00+00:00,96.05000305175781,98.68000030517578
2023-01-18 00:00:00+00:00,95.45999908447266,97.25
2023-01-19 00:00:00+00:00,93.68000030517578,94.73999786376953
2023-01-20 00:00:00+00:00,97.25,93.86000061035156
2023-01-23 00:00:00+00:00,97.5199966430664,97.55999755859375
2023-01-24 00:00:00+00:00,96.31999969482422,96.93000030517578
2023-01-25 00:00:00+00:00,97.18000030517578,92.55999755859375
2023-01-26 00:00:00+00:00,99.22000122070312,98.23999786376953
2023-01-27 00:00:00+00:00,102.23999786376953,99.52999877929688
2023-01-30 00:00:00+00:00,100.55000305175781,101.08999633789062
2023-01-31 00:00:00+00:00,103.12999725341797,101.16000366210938
2023-02-01 00:00:00+00:00,105.1500015258789,102.52999877929688
2023-02-02 00:00:00+00:00,112.91000366210938,110.25
2023-02-03 00:00:00+00:00,103.38999938964844,105.26000213623047
2023-02-06 00:00:00+00:00,102.18000030517578,102.93000030517578
2023-02-07 00:00:00+00:00,102.11000061035156,101.16999816894531
2023-02-08 00:00:00+00:00,100.05000305175781,102.04000091552734
2023-02-09 00:00:00+00:00,98.23999786376953,101.31999969482422
2023-02-10 00:00:00+00:00,97.61000061035156,97.55999755859375
2023-02-13 00:00:00+00:00,99.54000091552734,97.8499984741211
2023-02-14 00:00:00+00:00,99.69999694824219,98.41000366210938
2023-02-15 00:00:00+00:00,101.16000366210938,99.08999633789062
2023-02-16 00:00:00+00:00,98.1500015258789,99.20999908447266
2023-02-17 00:00:00+00:00,97.19999694824219,97.80000305175781
2023-02-21 00:00:00+00:00,94.58000183105469,95.33999633789062
2023-02-22 00:00:00+00:00,95.79000091552734,95.0999984741211
2023-02-23 00:00:00+00:00,95.81999969482422,96.12000274658203
2023-02-24 00:00:00+00:00,93.5,93.52999877929688
2023-02-27 00:00:00+00:00,93.76000213623047,94.27999877929688
2023-02-28 00:00:00+00:00,94.2300033569336,93.13999938964844
2023-03-01 00:00:00+00:00,92.16999816894531,93.87000274658203
2023-03-02 00:00:00+00:00,92.12999725341797,91.41000366210938
2023-03-03 00:00:00+00:00,94.9000015258789,92.73999786376953
2023-03-06 00:00:00+00:00,93.75,95.19000244140625
2023-03-07 00:00:00+00:00,93.55000305175781,94.05999755859375
2023-03-08 00:00:00+00:00,93.91999816894531,93.5999984741211
2023-03-09 00:00:00+00:00,92.25,93.68000030517578
2023-03-10 00:00:00+00:00,90.7300033569336,92.66999816894531
2023-03-13 00:00:00+00:00,92.43000030517578,89.97000122070312
2023-03-14 00:00:00+00:00,94.87999725341797,93.83000183105469
2023-03-15 00:00:00+00:00,96.19999694824219,93.22000122070312
2023-03-16 00:00:00+00:00,100.04000091552734,95.75
2023-03-17 00:00:00+00:00,98.94999694824219,99.79000091552734
2023-03-20 00:00:00+00:00,97.70999908447266,98.41000366210938
2023-03-21 00:00:00+00:00,100.61000061035156,98.13999938964844
2023-03-22 00:00:00+00:00,98.69999694824219,100.44999694824219
2023-03-23 00:00:00+00:00,98.70999908447266,100.43000030517578
2023-03-24 00:00:00+00:00,98.12999725341797,98.06999969482422
2023-03-27 00:00:00+00:00,98.04000091552734,99.06999969482422
2023-03-28 00:00:00+00:00,97.23999786376953,98.11000061035156
2023-03-29 00:00:00+00:00,100.25,98.69000244140625
2023-03-30 00:00:00+00:00,102.0,101.55000305175781
2023-03-31 00:00:00+00:00,103.29000091552734,102.16000366210938
2023-04-03 00:00:00+00:00,102.41000366210938,102.30000305175781
2023-04-04 00:00:00+00:00,103.94999694824219,102.75
2023-04-05 00:00:00+00:00,101.0999984741211,103.91000366210938
2023-04-06 00:00:00+00:00,102.05999755859375,100.75
2023-04-10 00:00:00+00:00,102.16999816894531,100.95999908447266
2023-04-11 00:00:00+00:00,99.91999816894531,100.80000305175781
2023-04-12 00:00:00+00:00,97.83000183105469,100.4000015258789
2023-04-13 00:00:00+00:00,102.4000015258789,98.94999694824219
2023-04-14 00:00:00+00:00,102.51000213623047,102.06999969482422
2023-04-17 00:00:00+00:00,102.73999786376953,103.16000366210938
2023-04-18 00:00:00+00:00,102.30000305175781,103.94999694824219
2023-04-19 00:00:00+00:00,104.30000305175781,101.58000183105469
2023-04-20 00:00:00+00:00,103.80999755859375,103.52999877929688
2023-04-21 00:00:00+00:00,106.95999908447266,106.0999984741211
2023-04-24 00:00:00+00:00,106.20999908447266,107.66000366210938
2023-04-25 00:00:00+00:00,102.56999969482422,104.91000366210938
2023-04-26 00:00:00+00:00,104.9800033569336,105.04000091552734
2023-04-27 00:00:00+00:00,109.81999969482422,108.16000366210938
2023-04-28 00:00:00+00:00,105.44999694824219,107.7300033569336
2023-05-01 00:00:00+00:00,102.05000305175781,104.94999694824219
2023-05-02 00:00:00+00:00,103.62999725341797,101.47000122070312
2023-05-03 00:00:00+00:00,103.6500015258789,103.73999786376953
2023-05-04 00:00:00+00:00,104.0,104.04000091552734
2023-05-05 00:00:00+00:00,105.66000366210938,104.2699966430664
2023-05-08 00:00:00+00:00,105.83000183105469,105.04000091552734
2023-05-09 00:00:00+00:00,106.62000274658203,105.4800033569336
2023-05-10 00:00:00+00:00,110.19000244140625,108.0999984741211
2023-05-11 00:00:00+00:00,112.18000030517578,111.02999877929688
2023-05-12 00:00:00+00:00,110.26000213623047,112.16000366210938
2023-05-15 00:00:00+00:00,111.19999694824219,111.1500015258789
2023-05-16 00:00:00+00:00,113.4000015258789,111.05000305175781
2023-05-17 00:00:00+00:00,115.5,114.88999938964844
2023-05-18 00:00:00+00:00,118.1500015258789,116.69000244140625
2023-05-19 00:00:00+00:00,116.25,118.16000366210938
2023-05-22 00:00:00+00:00,115.01000213623047,116.7699966430664
2023-05-23 00:00:00+00:00,114.98999786376953,114.2699966430664
2023-05-24 00:00:00+00:00,116.75,115.3499984741211
2023-05-25 00:00:00+00:00,115.0,116.62999725341797
2023-05-26 00:00:00+00:00,120.11000061035156,116.04000091552734
2023-05-30 00:00:00+00:00,121.66000366210938,122.37000274658203
2023-05-31 00:00:00+00:00,120.58000183105469,121.44999694824219
2023-06-01 00:00:00+00:00,122.7699966430664,120.69000244140625
2023-06-02 00:00:00+00:00,124.25,124.91999816894531
2023-06-05 00:00:00+00:00,125.30000305175781,123.36000061035156
2023-06-06 00:00:00+00:00,126.61000061035156,125.06999969482422
2023-06-07 00:00:00+00:00,121.2300033569336,127.01000213623047
2023-06-08 00:00:00+00:00,124.25,123.01000213623047
2023-06-09 00:00:00+00:00,123.43000030517578,124.08000183105469
2023-06-12 00:00:00+00:00,126.56999969482422,124.0199966430664
2023-06-13 00:00:00+00:00,126.66000366210938,128.1199951171875
2023-06-14 00:00:00+00:00,126.41999816894531,126.69999694824219
2023-06-15 00:00:00+00:00,127.11000061035156,125.20999908447266
2023-06-16 00:00:00+00:00,125.48999786376953,127.70999908447266
2023-06-20 00:00:00+00:00,125.77999877929688,124.97000122070312
2023-06-21 00:00:00+00:00,124.83000183105469,125.63999938964844
2023-06-22 00:00:00+00:00,130.14999389648438,125.30999755859375
2023-06-23 00:00:00+00:00,129.3300018310547,129.11000061035156
2023-06-26 00:00:00+00:00,127.33000183105469,129.3300018310547
2023-06-27 00:00:00+00:00,129.17999267578125,128.6300048828125
2023-06-28 00:00:00+00:00,129.0399932861328,128.94000244140625
2023-06-29 00:00:00+00:00,127.9000015258789,128.77000427246094
2023-06-30 00:00:00+00:00,130.36000061035156,129.47000122070312
2023-07-03 00:00:00+00:00,130.22000122070312,130.82000732421875
2023-07-05 00:00:00+00:00,130.3800048828125,130.24000549316406
2023-07-06 00:00:00+00:00,128.36000061035156,128.25
2023-07-07 00:00:00+00:00,129.77999877929688,128.58999633789062
2023-07-10 00:00:00+00:00,127.12999725341797,129.07000732421875
2023-07-11 00:00:00+00:00,128.77999877929688,127.75
2023-07-12 00:00:00+00:00,130.8000030517578,130.30999755859375
2023-07-13 00:00:00+00:00,134.3000030517578,134.0399932861328
2023-07-14 00:00:00+00:00,134.67999267578125,134.05999755859375
2023-07-17 00:00:00+00:00,133.55999755859375,134.55999755859375
2023-07-18 00:00:00+00:00,132.8300018310547,132.7100067138672
2023-07-19 00:00:00+00:00,135.36000061035156,133.38999938964844
2023-07-20 00:00:00+00:00,129.9600067138672,134.07000732421875
2023-07-21 00:00:00+00:00,130.0,131.33999633789062
2023-07-24 00:00:00+00:00,128.8000030517578,130.30999755859375
2023-07-25 00:00:00+00:00,129.1300048828125,129.30999755859375
2023-07-26 00:00:00+00:00,128.14999389648438,126.51000213623047
2023-07-27 00:00:00+00:00,128.25,131.0
2023-07-28 00:00:00+00:00,132.2100067138672,129.69000244140625
2023-07-31 00:00:00+00:00,133.67999267578125,133.1999969482422
2023-08-01 00:00:00+00:00,131.69000244140625,133.5500030517578
2023-08-02 00:00:00+00:00,128.2100067138672,130.14999389648438
2023-08-03 00:00:00+00:00,128.91000366210938,127.4800033569336
2023-08-04 00:00:00+00:00,139.57000732421875,141.05999755859375
2023-08-07 00:00:00+00:00,142.22000122070312,140.99000549316406
2023-08-08 00:00:00+00:00,139.94000244140625,140.6199951171875
2023-08-09 00:00:00+00:00,137.85000610351562,139.97000122070312
2023-08-10 00:00:00+00:00,138.55999755859375,139.07000732421875
2023-08-11 00:00:00+00:00,138.41000366210938,137.39999389648438
2023-08-14 00:00:00+00:00,140.57000732421875,138.3000030517578
2023-08-15 00:00:00+00:00,137.6699981689453,140.0500030517578
2023-08-16 00:00:00+00:00,135.07000732421875,137.19000244140625
2023-08-17 00:00:00+00:00,133.97999572753906,135.4600067138672
2023-08-18 00:00:00+00:00,133.22000122070312,131.6199951171875
2023-08-21 00:00:00+00:00,134.67999267578125,133.74000549316406
2023-08-22 00:00:00+00:00,134.25,135.0800018310547
2023-08-23 00:00:00+00:00,135.52000427246094,134.5
2023-08-24 00:00:00+00:00,131.83999633789062,136.39999389648438
2023-08-25 00:00:00+00:00,133.25999450683594,132.47000122070312
2023-08-28 00:00:00+00:00,133.13999938964844,133.77999877929688
2023-08-29 00:00:00+00:00,134.91000366210938,133.3800048828125
2023-08-30 00:00:00+00:00,135.07000732421875,134.92999267578125
2023-08-31 00:00:00+00:00,138.00999450683594,135.05999755859375
2023-09-01 00:00:00+00:00,138.1199951171875,139.4600067138672
2023-09-05 00:00:00+00:00,137.27000427246094,137.72999572753906
2023-09-06 00:00:00+00:00,135.36000061035156,136.32000732421875
2023-09-07 00:00:00+00:00,137.85000610351562,133.89999389648438
2023-09-08 00:00:00+00:00,138.22999572753906,136.86000061035156
2023-09-11 00:00:00+00:00,143.10000610351562,138.75
2023-09-12 00:00:00+00:00,141.22999572753906,142.32000732421875
2023-09-13 00:00:00+00:00,144.85000610351562,140.9499969482422
2023-09-14 00:00:00+00:00,144.72000122070312,145.0800018310547
2023-09-15 00:00:00+00:00,140.38999938964844,142.69000244140625
2023-09-18 00:00:00+00:00,139.97999572753906,140.47999572753906
2023-09-19 00:00:00+00:00,137.6300048828125,138.6999969482422
2023-09-20 00:00:00+00:00,135.2899932861328,138.5500030517578
2023-09-21 00:00:00+00:00,129.3300018310547,131.94000244140625
2023-09-22 00:00:00+00:00,129.1199951171875,131.11000061035156
2023-09-25 00:00:00+00:00,131.27000427246094,129.36000061035156
2023-09-26 00:00:00+00:00,125.9800033569336,130.1199951171875
2023-09-27 00:00:00+00:00,125.9800033569336,125.76000213623047
2023-09-28 00:00:00+00:00,125.9800033569336,124.04000091552734
2023-09-29 00:00:00+00:00,127.12000274658203,128.1999969482422
2023-10-02 00:00:00+00:00,129.4600067138672,127.27999877929688
2023-10-03 00:00:00+00:00,124.72000122070312,128.05999755859375
2023-10-04 00:00:00+00:00,127.0,126.05999755859375
2023-10-05 00:00:00+00:00,125.95999908447266,126.70999908447266
2023-10-06 00:00:00+00:00,127.95999908447266,124.16000366210938
2023-10-09 00:00:00+00:00,128.25999450683594,126.22000122070312
2023-10-10 00:00:00+00:00,129.47999572753906,128.82000732421875
2023-10-11 00:00:00+00:00,131.8300018310547,129.74000549316406
2023-10-12 00:00:00+00:00,132.3300018310547,132.1699981689453
2023-10-13 00:00:00+00:00,129.7899932861328,132.97999572753906
2023-10-16 00:00:00+00:00,132.5500030517578,130.69000244140625
2023-10-17 00:00:00+00:00,131.47000122070312,130.38999938964844
2023-10-18 00:00:00+00:00,128.1300048828125,129.89999389648438
2023-10-19 00:00:00+00:00,128.39999389648438,130.57000732421875
2023-10-20 00:00:00+00:00,125.16999816894531,128.0500030517578
2023-10-23 00:00:00+00:00,126.55999755859375,124.62999725341797
2023-10-24 00:00:00+00:00,128.55999755859375,127.73999786376953
2023-10-25 00:00:00+00:00,121.38999938964844,126.04000091552734
2023-10-26 00:00:00+00:00,119.56999969482422,120.62999725341797
2023-10-27 00:00:00+00:00,127.73999786376953,126.19999694824219
2023-10-30 00:00:00+00:00,132.7100067138672,129.72000122070312
2023-10-31 00:00:00+00:00,133.08999633789062,132.75
2023-11-01 00:00:00+00:00,137.0,133.9600067138672
2023-11-02 00:00:00+00:00,138.07000732421875,138.72999572753906
2023-11-03 00:00:00+00:00,138.60000610351562,138.99000549316406
2023-11-06 00:00:00+00:00,139.74000549316406,138.75999450683594
2023-11-07 00:00:00+00:00,142.7100067138672,140.5500030517578
2023-11-08 00:00:00+00:00,142.0800018310547,142.97000122070312
2023-11-09 00:00:00+00:00,140.60000610351562,142.02000427246094
2023-11-10 00:00:00+00:00,143.55999755859375,140.4600067138672
2023-11-13 00:00:00+00:00,142.58999633789062,142.0800018310547
2023-11-14 00:00:00+00:00,145.8000030517578,145.0
2023-11-15 00:00:00+00:00,143.1999969482422,147.05999755859375
2023-11-16 00:00:00+00:00,142.8300018310547,140.91000366210938
2023-11-17 00:00:00+00:00,145.17999267578125,142.66000366210938
2023-11-20 00:00:00+00:00,146.1300048828125,145.1300048828125
2023-11-21 00:00:00+00:00,143.89999389648438,143.91000366210938
2023-11-22 00:00:00+00:00,146.7100067138672,144.57000732421875
2023-11-24 00:00:00+00:00,146.74000549316406,146.6999969482422
2023-11-27 00:00:00+00:00,147.72999572753906,147.52999877929688
2023-11-28 00:00:00+00:00,147.02999877929688,146.97999572753906
2023-11-29 00:00:00+00:00,146.32000732421875,147.85000610351562
2023-11-30 00:00:00+00:00,146.08999633789062,144.75999450683594
2023-12-01 00:00:00+00:00,147.02999877929688,146.0
2023-12-04 00:00:00+00:00,144.83999633789062,145.25
2023-12-05 00:00:00+00:00,146.8800048828125,143.5500030517578
2023-12-06 00:00:00+00:00,144.52000427246094,147.5800018310547
2023-12-07 00:00:00+00:00,146.8800048828125,146.14999389648438
2023-12-08 00:00:00+00:00,147.4199981689453,145.47999572753906
2023-12-11 00:00:00+00:00,145.88999938964844,145.66000366210938
2023-12-12 00:00:00+00:00,147.47999572753906,145.52000427246094
2023-12-13 00:00:00+00:00,148.83999633789062,148.1199951171875
2023-12-14 00:00:00+00:00,147.4199981689453,149.92999267578125
2023-12-15 00:00:00+00:00,149.97000122070312,148.3800048828125
2023-12-18 00:00:00+00:00,154.07000732421875,150.55999755859375
2023-12-19 00:00:00+00:00,153.7899932861328,154.39999389648438
2023-12-20 00:00:00+00:00,152.1199951171875,152.89999389648438
2023-12-21 00:00:00+00:00,153.83999633789062,153.3000030517578
2023-12-22 00:00:00+00:00,153.4199981689453,153.77000427246094
2023-12-26 00:00:00+00:00,153.41000366210938,153.55999755859375
2023-12-27 00:00:00+00:00,153.33999633789062,153.55999755859375
2023-12-28 00:00:00+00:00,153.3800048828125,153.72000122070312
2023-12-29 00:00:00+00:00,151.94000244140625,153.10000610351562
